{
  "answers": {
    "What is the capital of France?": "Paris is the capital of France.",
    "Why is the sky blue?": "The sky appears blue because of the scattering of sunlight by molecules in the atmosphere.",
    "When was the first computer invented?": "The first computer, known as the ENIAC, was invented in 1946.",
    "How do birds fly?": "Birds fly by flapping their wings, creating lift and thrust.",
    "Who is the author of 'Harry Potter'?": "J.K. Rowling is the author of the 'Harry Potter' series.",
    "Where is the Great Barrier Reef located?": "The Great Barrier Reef is located off the coast of Queensland, Australia.",
    "Which is the smallest planet in the solar system?": "Mercury is the smallest planet in the solar system.",
    "Whose dog is this?": "This dog belongs to John.",
    "How many continents are there?": "There are seven continents on Earth.",
    "How much does a liter of water weigh?": "A liter of water weighs approximately one kilogram.",
    "How often should you exercise?": "It is recommended to exercise at least 150 minutes per week.",
    "New York?": "New York is a city in the United States.",
    "Cat?": "A cat is a domesticated animal.",
    "Pizza?": "Pizza is an Italian dish consisting of a flat, round base of dough topped with tomato sauce and cheese.",
    "John?": "John is a common English name.",
    "Why do we dream?": "Dreams are thought to represent unconscious desires, fears, or emotions.",
    "How does the Internet work?": "The Internet works by transmitting data packets between interconnected computer networks.",
    "Who discovered electricity?": "Benjamin Franklin is often credited with discovering electricity through his famous kite experiment.",
    "Where does chocolate come from?": "Chocolate comes from the cacao tree, which is native to Central and South America.",
    "Which color is associated with Christmas?": "Red and green are commonly associated with Christmas.",
    "How many bones are in the human body?": "The human body has 206 bones.",
    "How much does the average cloud weigh?": "The average cloud weighs about 1.1 million pounds.",
    "How often does Halley's Comet appear?": "Halley's Comet appears roughly every 75-76 years.",
    "Why do leaves change color in the fall?": "Leaves change color in the fall due to changes in temperature and daylight.",
    "How can I improve my memory?": "Improving memory can be achieved through techniques such as mnemonic devices, repetition, and adequate sleep.",
    "Who founded Microsoft?": "Microsoft was founded by Bill Gates and Paul Allen.",
    "Where was the Declaration of Independence signed?": "The Declaration of Independence was signed in Philadelphia, Pennsylvania.",
    "Which is the largest mammal?": "The blue whale is the largest mammal.",
    "How do birds migrate?": "Birds migrate by following established routes and cues such as the Earth's magnetic field and celestial landmarks.",
    "Why do we yawn?": "Yawning is thought to increase oxygen intake and regulate brain temperature.",
    "When do the seasons change?": "The seasons change due to the tilt of the Earth's axis relative to its orbit around the Sun.",
    "How tall is Mount Everest?": "Mount Everest is approximately 8,848 meters (29,029 feet) tall.",
    "Who painted the Mona Lisa?": "The Mona Lisa was painted by Leonardo da Vinci.",
    "What is the speed of light?": "The speed of light in a vacuum is approximately 299,792 kilometers per second (186,282 miles per second).",
    "When was the first airplane flight?": "The first successful powered airplane flight was conducted by the Wright brothers on December 17, 1903.",
    "Why do we hiccup?": "Hiccups are involuntary contractions of the diaphragm muscle, often triggered by irritation of the nerves or stomach.",
    "Where is the Taj Mahal located?": "The Taj Mahal is located in Agra, India.",
    "How many planets are in the solar system?": "There are eight planets in the solar system.",
    "How deep is the ocean?": "The average depth of the ocean is approximately 3,688 meters (12,100 feet).",
    "Who wrote 'Romeo and Juliet'?": "'Romeo and Juliet' was written by William Shakespeare.",
    "What is the square root of 144?": "The square root of 144 is 12.",
    "Why do cats purr?": "Cats purr as a form of communication, often indicating contentment or relaxation.",
    "When was the Battle of Hastings?": "The Battle of Hastings took place on October 14, 1066.",
    "Where is the Eiffel Tower located?": "The Eiffel Tower is located in Paris, France.",
    "Which is the longest river in the world?": "The Nile River is the longest river in the world.",
    "How many languages are there in the world?": "There are approximately 7,000 languages spoken in the world today.",
    "How many teeth do adults have?": "Adults typically have 32 teeth.",
    "Why do we sleep?": "Sleep is essential for physical and mental health, allowing the body to rest and repair, and the brain to consolidate memories and process information.",
    "When was the Declaration of Independence signed?": "The Declaration of Independence was signed on July 4, 1776.",
    "Where does the Sun set?": "The Sun appears to set in the west due to the rotation of the Earth.",
    "Which is the highest mountain in the world?": "Mount Everest is the highest mountain in the world.",
    "Who invented the telephone?": "The telephone was invented by Alexander Graham Bell.",
    "What causes earthquakes?": "Earthquakes are caused by the sudden release of energy along geological faults or plate boundaries.",
    "Why do stars twinkle?": "Stars twinkle due to the atmospheric turbulence that causes the light from stars to be refracted or bent in different directions.",
    "When was the first Moon landing?": "The first Moon landing occurred on July 20, 1969, as part of NASA's Apollo 11 mission.",
    "Where is the Amazon Rainforest located?": "The Amazon Rainforest is located in South America, primarily in Brazil.",
    "Which is the largest desert in the world?": "The Sahara Desert is the largest desert in the world.",
    "How many years are in a century?": "There are 100 years in a century.",
    "Why do we have seasons?": "Seasons are caused by the tilt of the Earth's axis and its orbit around the Sun, which results in variations in sunlight and temperature.",
    "When was the Industrial Revolution?": "The Industrial Revolution began in the late 18th century and lasted into the 19th century, starting in Great Britain and spreading to other parts of the world.",
    "Where does the name 'America' come from?": "The name 'America' is derived from the Latin version of the name of the Italian explorer Amerigo Vespucci.",
    "Which is the fastest land animal?": "The cheetah is the fastest land animal, capable of reaching speeds up to 75 miles per hour (120 kilometers per hour).",
    "How many bones are in a newborn baby?": "A newborn baby has approximately 270 bones, which fuse together as they grow.",
    "What is the circumference of the Earth?": "The circumference of the Earth is approximately 40,075 kilometers (24,901 miles).",
    "What is the chemical formula for water?": "The chemical formula for water is H2O, indicating two hydrogen atoms bonded to one oxygen atom.",
    "Who wrote 'Hamlet'?": "'Hamlet' was written by William Shakespeare and is one of his most famous tragedies.",
    "What is the capital of Japan?": "Tokyo is the capital of Japan.",
    "What is the largest ocean on Earth?": "The Pacific Ocean is the largest ocean on Earth.",
    "How many grams are in a kilogram?": "There are 1,000 grams in a kilogram.",
    "Who is credited with the theory of evolution?": "Charles Darwin is credited with the theory of evolution by natural selection.",
    "What is the largest organ in the human body?": "The skin is the largest organ in the human body.",
    "What is the atomic symbol for gold?": "The atomic symbol for gold is Au, derived from the Latin word 'aurum.'",
    "Who painted 'The Starry Night'?": "'The Starry Night' was painted by Vincent van Gogh.",
    "What is the boiling point of water in Celsius?": "The boiling point of water in Celsius is 100 degrees.",
    "What is the chemical symbol for iron?": "The chemical symbol for iron is Fe, derived from the Latin word 'ferrum.'",
    "What is the main ingredient in guacamole?": "The main ingredient in guacamole is avocado.",
    "How many sides does a hexagon have?": "A hexagon has six sides.",
    "Who composed 'The Four Seasons'?": "'The Four Seasons' was composed by Antonio Vivaldi.",
    "What is the largest planet in the solar system?": "Jupiter is the largest planet in the solar system.",
    "What is the smallest bone in the human body?": "The stapes bone in the middle ear is the smallest bone in the human body.",
    "What is the chemical formula for table salt?": "The chemical formula for table salt is NaCl, indicating one sodium atom bonded to one chlorine atom.",
    "What is the capital of Brazil?": "Brasília is the capital of Brazil.",
    "What is the chemical symbol for oxygen?": "The chemical symbol for oxygen is O2, indicating two oxygen atoms bonded together.",
    "Who wrote 'To Kill a Mockingbird'?": "'To Kill a Mockingbird' was written by Harper Lee.",
    "What is the largest organ in the human body?": "The skin is the largest organ in the human body.",
    "What is the tallest mammal?": "The giraffe is the tallest mammal.",
    "How many chambers does the human heart have?": "The human heart has four chambers: two atria and two ventricles.",
    "Who discovered penicillin?": "Alexander Fleming is credited with the discovery of penicillin.",
    "What is the chemical symbol for carbon?": "The chemical symbol for carbon is C.",
    "What is the capital of Australia?": "Canberra is the capital of Australia.",
    "How many bones are in the human hand?": "There are 27 bones in the human hand.",
    "What is the chemical symbol for helium?": "The chemical symbol for helium is He.",
    "Who wrote 'Pride and Prejudice'?": "'Pride and Prejudice' was written by Jane Austen.",
    "What is the largest bird in the world?": "The ostrich is the largest bird in the world.",
    "What is the chemical symbol for silver?": "The chemical symbol for silver is Ag, derived from the Latin word 'argentum.'",
    "What is the speed of sound in air?": "The speed of sound in air is approximately 343 meters per second (1,125 feet per second) at room temperature.",
    "Who painted the ceiling of the Sistine Chapel?": "The ceiling of the Sistine Chapel was painted by Michelangelo.",
    "What is the chemical symbol for sodium?": "The chemical symbol for sodium is Na, derived from the Latin word 'natrium.'",
    "What is the capital of South Africa?": "Pretoria is one of the capitals of South Africa, along with Cape Town and Bloemfontein.",
    "How many days are in a leap year?": "A leap year has 366 days, with an extra day added to February.",
    "Who wrote '1984'?": "'1984' was written by George Orwell.",
    "What is the chemical symbol for potassium?": "The chemical symbol for potassium is K, derived from the Latin word 'kalium.'",
    "What is the largest moon in the solar system?": "Ganymede, a moon of Jupiter, is the largest moon in the solar system.",
    "What is the chemical symbol for nitrogen?": "The chemical symbol for nitrogen is N2, indicating two nitrogen atoms bonded together.",
    "Who wrote 'The Great Gatsby'?": "'The Great Gatsby' was written by F. Scott Fitzgerald.",
    "What is the capital of China?": "Beijing is the capital of China.",
    "How many time zones are there in the world?": "There are 24 time zones in the world, each representing a one-hour difference in time.",
    "Who wrote 'The Catcher in the Rye'?": "'The Catcher in the Rye' was written by J.D. Salinger.",
    "What is the chemical symbol for calcium?": "The chemical symbol for calcium is Ca.",
    "What is the boiling point of water in Fahrenheit?": "The boiling point of water in Fahrenheit is 212 degrees.",
    "Who wrote 'Moby Dick'?": "'Moby Dick' was written by Herman Melville.",
    "What is the chemical symbol for gold?": "The chemical symbol for gold is Au, derived from the Latin word 'aurum.'",
    "What is the capital of Russia?": "Moscow is the capital of Russia.",
    "How many teeth does an adult human have?": "Adult humans typically have 32 teeth.",
    "Who wrote 'The Odyssey'?": "'The Odyssey' is attributed to the ancient Greek poet Homer.",
    "What is the chemical symbol for lead?": "The chemical symbol for lead is Pb, derived from the Latin word 'plumbum.'",
    "What is the largest insect in the world?": "The giant weta is considered one of the largest insects in the world.",
    "What is the chemical symbol for copper?": "The chemical symbol for copper is Cu, derived from the Latin word 'cuprum.'",
    "Who wrote 'The Divine Comedy'?": "'The Divine Comedy' was written by Dante Alighieri.",
    "What is the capital of Canada?": "Ottawa is the capital of Canada.",
    "How many millimeters are in a meter?": "There are 1,000 millimeters in a meter.",
    "Who painted 'The Last Supper'?": "'The Last Supper' was painted by Leonardo da Vinci.",
    "What is the chemical symbol for tin?": "The chemical symbol for tin is Sn, derived from the Latin word 'stannum.'",
    "What is the capital of Italy?": "Rome is the capital of Italy.",
    "How many pounds are in a kilogram?": "There are approximately 2.20462 pounds in a kilogram.",
    "Who wrote 'The Lord of the Rings'?": "'The Lord of the Rings' was written by J.R.R. Tolkien.",
    "What is the chemical symbol for mercury?": "The chemical symbol for mercury is Hg, derived from the Greek word 'hydrargyrum.'",
    "What is the capital of Spain?": "Madrid is the capital of Spain.",
    "How many feet are in a mile?": "There are 5,280 feet in a mile.",
    "Who wrote 'War and Peace'?": "'War and Peace' was written by Leo Tolstoy.",
    "What is the chemical symbol for silver?": "The chemical symbol for silver is Ag, derived from the Latin word 'argentum.'",
    "What is the capital of Argentina?": "Buenos Aires is the capital of Argentina.",
    "How many minutes are in a day?": "There are 1,440 minutes in a day.",
    "Who wrote 'The Canterbury Tales'?": "'The Canterbury Tales' was written by Geoffrey Chaucer.",
    "What is the chemical symbol for uranium?": "The chemical symbol for uranium is U.",
    "What is the capital of Mexico?": "Mexico City is the capital of Mexico.",
    "How many feet are in a meter?": "There are approximately 3.28084 feet in a meter.",
    "Who wrote 'Don Quixote'?": "'Don Quixote' was written by Miguel de Cervantes.",
    "What is the chemical symbol for hydrogen?": "The chemical symbol for hydrogen is H.",
    "What is the capital of South Korea?": "Seoul is the capital of South Korea.",
    "How many kilometers are in a mile?": "There are approximately 1.60934 kilometers in a mile.",
    "Who wrote 'The Iliad'?": "'The Iliad' is attributed to the ancient Greek poet Homer.",
    "What is the chemical symbol for helium?": "The chemical symbol for helium is He.",
    "What is the capital of Egypt?": "Cairo is the capital of Egypt.",
    "How many pounds are in a kilogram?": "There are approximately 2.20462 pounds in a kilogram.",
    "Who wrote 'The Odyssey'?": "'The Odyssey' is attributed to the ancient Greek poet Homer.",
    "What is the chemical symbol for carbon?": "The chemical symbol for carbon is C.",
    "What is the capital of Australia?": "Canberra is the capital of Australia.",
    "How many bones are in the human body?": "The human body has 206 bones.",
    "Who wrote 'To Kill a Mockingbird'?": "'To Kill a Mockingbird' was written by Harper Lee.",
    "What is the capital of Japan?": "Tokyo is the capital of Japan.",
    "How many elements are in the periodic table?": "There are currently 118 elements in the periodic table.",
    "Who wrote 'The Great Gatsby'?": "'The Great Gatsby' was written by F. Scott Fitzgerald.",
    "What is the capital of India?": "New Delhi is the capital of India.",
    "How many time zones are there in the world?": "There are 24 time zones in the world, each representing a one-hour difference in time.",
    "Who wrote 'Pride and Prejudice'?": "'Pride and Prejudice' was written by Jane Austen.",
    "What is the chemical symbol for gold?": "The chemical symbol for gold is Au, derived from the Latin word 'aurum.'",
    "What is the capital of Russia?": "Moscow is the capital of Russia.",
    "How many teeth does an adult human have?": "Adult humans typically have 32 teeth.",
    "Who wrote 'The Odyssey'?": "'The Odyssey' is attributed to the ancient Greek poet Homer.",
    "What is the chemical symbol for carbon?": "The chemical symbol for carbon is C.",
    "What is the largest mammal on Earth?": "The blue whale is the largest mammal on Earth.",
    "How many elements are in the periodic table?": "There are currently 118 elements in the periodic table.",
    "Who wrote 'The Great Gatsby'?": "'The Great Gatsby' was written by F. Scott Fitzgerald.",
    "What is the capital of India?": "New Delhi is the capital of India.",
    "How many time zones are there in the world?": "There are 24 time zones in the world, each representing a one-hour difference in time.",
    "Who wrote 'Pride and Prejudice'?": "'Pride and Prejudice' was written by Jane Austen.",
    "What is the chemical symbol for gold?": "The chemical symbol for gold is Au, derived from the Latin word 'aurum.'",
    "What is the capital of Russia?": "Moscow is the capital of Russia.",
    "How many teeth does an adult human have?": "Adult humans typically have 32 teeth.",
    "Who wrote 'The Odyssey'?": "'The Odyssey' is attributed to the ancient Greek poet Homer.",
    "What is the chemical symbol for carbon?": "The chemical symbol for carbon is C.",
    "What is the largest mammal on Earth?": "The blue whale is the largest mammal on Earth.",
    "How many elements are in the periodic table?": "There are currently 118 elements in the periodic table.",
    "Who wrote 'The Great Gatsby'?": "'The Great Gatsby' was written by F. Scott Fitzgerald.",
    "What is the capital of India?": "New Delhi is the capital of India.",
    "How many time zones are there in the world?": "There are 24 time zones in the world, each representing a one-hour difference in time.",
    "Who wrote 'Pride and Prejudice'?": "'Pride and Prejudice' was written by Jane Austen.",
    "What is the chemical symbol for gold?": "The chemical symbol for gold is Au, derived from the Latin word 'aurum.'",
    "What is the capital of Russia?": "Moscow is the capital of Russia.",
    "How many teeth does an adult human have?": "Adult humans typically have 32 teeth."
  }
}