{
  "questions": {
    "What is the capital of France?": "Paris",
    "Why is the sky blue?": "Sky appears blue due to scattering of sunlight by molecules in the atmosphere.",
    "When was the first computer invented?": "1946",
    "How do birds fly?": "Birds fly by flapping their wings, creating lift and thrust.",
    "Who is the author of 'Harry Potter'?": "J.K. Rowling",
    "Where is the Great Barrier Reef located?": "Off the coast of Queensland, Australia",
    "Which is the smallest planet in the solar system?": "Mercury",
    "Whose dog is this?": "John's",
    "How many continents are there?": "Seven",
    "How much does a liter of water weigh?": "Approximately one kilogram",
    "How often should you exercise?": "At least 150 minutes per week",
    "New York?": "City in the United States",
    "Cat?": "Domesticated animal",
    "Pizza?": "Italian dish consisting of dough topped with tomato sauce and cheese",
    "John?": "Common English name",
    "Why do we dream?": "Dreams represent unconscious desires, fears, or emotions",
    "How does the Internet work?": "By transmitting data packets between interconnected computer networks",
    "Who discovered electricity?": "Benjamin Franklin",
    "Where does chocolate come from?": "Cacao tree, native to Central and South America",
    "Which color is associated with Christmas?": "Red and green",
    "How many bones are in the human body?": "206",
    "How much does the average cloud weigh?": "About 1.1 million pounds",
    "How often does Halley's Comet appear?": "Roughly every 75-76 years",
    "Why do leaves change color in the fall?": "Due to changes in temperature and daylight",
    "How can I improve my memory?": "Through techniques such as mnemonic devices, repetition, and adequate sleep",
    "Who founded Microsoft?": "Bill Gates and Paul Allen",
    "Where was the Declaration of Independence signed?": "Philadelphia, Pennsylvania",
    "Which is the largest mammal?": "Blue whale",
    "How do birds migrate?": "By following established routes and cues such as the Earth's magnetic field and celestial landmarks",
    "Why do we yawn?": "To increase oxygen intake and regulate brain temperature",
    "When do the seasons change?": "Due to the tilt of the Earth's axis relative to its orbit around the Sun",
    "How tall is Mount Everest?": "Approximately 8,848 meters (29,029 feet)",
    "Who painted the Mona Lisa?": "Leonardo da Vinci",
    "What is the speed of light?": "Approximately 299,792 kilometers per second (186,282 miles per second)",
    "When was the first airplane flight?": "December 17, 1903",
    "Why do we hiccup?": "Due to involuntary contractions of the diaphragm muscle, often triggered by irritation of the nerves or stomach",
    "Where is the Taj Mahal located?": "Agra, India",
    "How many planets are in the solar system?": "Eight",
    "How deep is the ocean?": "Approximately 3,688 meters (12,100 feet)",
    "Who wrote 'Romeo and Juliet'?": "William Shakespeare",
    "What is the square root of 144?": "12",
    "Why do cats purr?": "As a form of communication, often indicating contentment or relaxation",
    "When was the Battle of Hastings?": "October 14, 1066",
    "Where is the Eiffel Tower located?": "Paris, France",
    "Which is the longest river in the world?": "Nile River",
    "How many languages are there in the world?": "Approximately 7,000",
    "How many teeth do adults have?": "32",
    "Why do we sleep?": "To allow the body to rest and repair, and the brain to consolidate memories and process information",
    "Where does the Sun set?": "In the west due to the rotation of the Earth",
    "Which is the highest mountain in the world?": "Mount Everest",
    "Who invented the telephone?": "Alexander Graham Bell",
    "What causes earthquakes?": "Sudden release of energy along geological faults or plate boundaries",
    "Why do stars twinkle?": "Due to atmospheric turbulence that causes the light from stars to be refracted or bent in different directions",
    "When was the first Moon landing?": "July 20, 1969",
    "Where is the Amazon Rainforest located?": "South America, primarily in Brazil",
    "Which is the largest desert in the world?": "Sahara Desert",
    "How many years are in a century?": "100",
    "Why do we have seasons?": "Due to the tilt of the Earth's axis and its orbit around the Sun, resulting in variations in sunlight and temperature",
    "When was the Industrial Revolution?": "Late 18th century into the 19th century, starting in Great Britain and spreading to other parts of the world",
    "Where does the name 'America' come from?": "Derived from the Latin version of the name of the Italian explorer Amerigo Vespucci",
    "Which is the fastest land animal?": "Cheetah",
    "How many bones are in a newborn baby?": "Approximately 270 bones, which fuse together as they grow"
  }
}
